,p1,p2,p3,fn_obj,demand_constraint,min_power_constraint,max_power_constraint,lagrangian,gap,metric
741,414.06405946584033,190.18087843497992,245.75462933491713,8484.034785043068,0.00018728490703126327,0.0,0.0,8484.034746838042,3.8205025703064166e-05,0.00030189998414045576
