,p1,p2,p3,fn_obj,demand_constraint,min_power_constraint,max_power_constraint,lagrangian,gap,metric
0,300.2663883522776,149.73311901010592,399.999978306451,8234.062299476027,0.002645365478094231,0.0,0.0,8234.060364939183,0.0019345368436916033,8234.068813915192
