min,max,a,b,c,e,f
0,680,0.00028,8.1,550,300,0.035
0,360,0.00056,8.1,309,200,0.042
0,360,0.00056,8.1,307,200,0.042
60,180,0.00324,7.74,240,150,0.063
60,180,0.00324,7.74,240,150,0.063
60,180,0.00324,7.74,240,150,0.063
60,180,0.00324,7.74,240,150,0.063
60,180,0.00324,7.74,240,150,0.063
60,180,0.00324,7.74,240,150,0.063
40,120,0.00284,8.6,126,100,0.084
40,120,0.00284,8.6,126,100,0.084
55,120,0.00284,8.6,126,100,0.084
55,120,0.00284,8.6,126,100,0.084
