min,max,a,b,c,e,f
100,600,0.001562,7.92,561,300,0.0315
50,200,0.00482,7.97,78,150,0.063
100,400,0.00194,7.85,310,200,0.042
